Arrival,Price,Dates
194.0,500,2012-01-02
174.0,475,2012-01-03
7.0,300,2012-01-04
264.0,400,2012-01-05
192.5,400,2012-01-06
201.5,425,2012-01-07
222.1,375,2012-01-09
151.9,400,2012-01-10
105.9,425,2012-01-11
173.9,400,2012-01-12
223.7,400,2012-01-13
260.1,375,2012-01-14
270.5,380,2012-01-16
160.3,450,2012-01-17
136.9,425,2012-01-18
202.9,450,2012-01-19
180.4,450,2012-01-20
164.4,500,2012-01-21
260.4,500,2012-01-23
384.6,450,2012-01-24
265.4,375,2012-01-25
345.3,350,2012-01-27
335.8,361,2012-01-28
288.0,375,2012-01-30
252.4,375,2012-01-31
224.7,350,2012-02-01
259.6,350,2012-02-02
201.5,375,2012-02-03
199.6,380,2012-02-04
255.5,350,2012-02-06
179.1,375,2012-02-07
47.1,400,2012-02-08
149.8,450,2012-02-09
125.8,450,2012-02-10
193.9,425,2012-02-11
216.4,400,2012-02-13
291.5,375,2012-02-14
273.0,350,2012-02-15
296.7,350,2012-02-17
182.6,360,2012-02-18
50.1,350,2012-02-21
125.9,400,2012-02-22
234.5,375,2012-02-23
227.8,380,2012-02-24
240.7,400,2012-02-25
208.8,375,2012-02-27
157.0,340,2012-02-28
147.6,350,2012-02-29
187.0,375,2012-03-01
157.3,400,2012-03-02
150.3,425,2012-03-03
213.8,385,2012-03-06
174.6,400,2012-03-07
61.0,350,2012-03-09
153.0,375,2012-03-10
39.0,375,2012-03-13
109.6,400,2012-03-14
120.5,425,2012-03-15
109.8,400,2012-03-16
130.0,375,2012-03-17
147.8,390,2012-03-19
91.6,425,2012-03-21
90.2,400,2012-03-22
99.5,400,2012-03-24
50.1,425,2012-03-26
86.7,400,2012-03-27
60.3,375,2012-03-28
107.3,400,2012-03-29
98.0,380,2012-03-30
114.5,400,2012-03-31
219.2,380,2012-04-07
173.9,375,2012-04-09
239.2,400,2012-04-10
186.8,400,2012-04-11
199.5,425,2012-04-12
240.2,375,2012-04-13
172.5,400,2012-04-16
162.9,400,2012-04-17
472.1,380,2012-04-19
215.0,375,2012-04-20
176.0,350,2012-04-21
411.7,340,2012-04-23
313.9,350,2012-04-24
253.7,325,2012-04-25
22.5,375,2012-04-27
36.1,380,2012-04-28
112.5,400,2012-04-30
179.9,425,2012-05-03
256.3,400,2012-05-04
106.0,375,2012-05-05
283.2,350,2012-05-07
365.5,350,2012-05-08
373.6,325,2012-05-09
327.1,340,2012-05-10
345.3,350,2012-05-11
396.1,300,2012-05-12
213.4,325,2012-05-14
300.6,350,2012-05-15
210.2,350,2012-05-17
172.1,325,2012-05-18
67.5,340,2012-05-19
269.0,350,2012-05-21
222.9,375,2012-05-22
238.7,350,2012-05-23
202.4,325,2012-05-24
183.5,350,2012-05-25
243.0,375,2012-05-26
276.0,350,2012-05-28
230.7,375,2012-05-29
218.9,350,2012-05-30
211.3,350,2012-05-31
195.0,360,2012-06-01
223.5,350,2012-06-02
185.2,340,2012-06-04
282.8,350,2012-06-05
219.7,375,2012-06-06
274.1,350,2012-06-07
238.4,380,2012-06-08
236.1,400,2012-06-09
244.5,375,2012-06-11
247.2,350,2012-06-12
199.6,400,2012-06-13
277.8,375,2012-06-14
197.5,400,2012-06-15
93.4,400,2012-06-16
197.2,450,2012-06-18
225.4,450,2012-06-19
369.4,425,2012-06-20
341.7,400,2012-06-22
336.3,450,2012-06-23
305.7,400,2012-06-25
131.0,400,2012-07-02
306.5,425,2012-07-03
326.2,550,2012-07-04
290.3,540,2012-07-05
232.1,550,2012-07-06
238.5,500,2012-07-07
348.3,525,2012-07-09
556.2,525,2012-07-11
431.4,500,2012-07-12
394.1,500,2012-07-13
373.5,550,2012-07-14
251.4,525,2012-07-16
364.2,500,2012-07-17
329.5,500,2012-07-18
307.6,550,2012-07-19
267.8,500,2012-07-20
256.2,500,2012-07-21
230.4,525,2012-07-23
231.5,475,2012-07-24
284.0,550,2012-07-26
201.3,525,2012-07-27
177.5,550,2012-07-28
172.6,540,2012-07-30
274.0,550,2012-07-31
192.5,500,2012-08-01
171.0,500,2012-08-03
209.2,525,2012-08-04
226.1,500,2012-08-06
190.8,510,2012-08-07
178.2,500,2012-08-08
253.9,525,2012-08-09
152.7,575,2012-08-10
155.5,600,2012-08-11
273.6,600,2012-08-13
358.6,650,2012-08-14
314.6,625,2012-08-16
363.9,600,2012-08-17
316.2,625,2012-08-21
337.0,600,2012-08-22
367.0,625,2012-08-23
306.2,650,2012-08-24
322.5,575,2012-08-25
323.0,600,2012-08-27
145.5,525,2012-08-28
307.2,550,2012-08-29
331.5,560,2012-08-30
236.8,500,2012-08-31
200.0,500,2012-09-01
211.0,525,2012-09-03
252.5,550,2012-09-04
174.9,500,2012-09-05
225.1,525,2012-09-06
176.3,500,2012-09-07
157.0,450,2012-09-08
248.7,460,2012-09-10
213.6,475,2012-09-11
176.7,500,2012-09-12
279.8,525,2012-09-13
261.0,500,2012-09-14
229.7,450,2012-09-15
295.7,500,2012-09-17
336.9,500,2012-09-18
196.4,475,2012-09-20
77.1,450,2012-09-21
247.0,575,2012-09-22
252.5,550,2012-09-24
271.4,500,2012-09-25
273.5,525,2012-09-27
187.1,500,2012-09-28
185.3,575,2012-10-03
277.2,550,2012-10-04
238.0,560,2012-10-05
150.4,525,2012-10-06
235.0,500,2012-10-08
231.0,500,2012-10-09
194.9,600,2012-10-10
236.1,650,2012-10-11
156.5,600,2012-10-12
166.8,650,2012-10-13
259.5,650,2012-10-15
224.0,650,2012-10-16
207.1,800,2012-10-19
224.8,850,2012-10-20
322.6,800,2012-10-22
314.3,900,2012-10-23
109.5,950,2012-10-25
158.9,850,2012-10-26
165.8,850,2012-10-27
296.1,900,2012-10-29
257.0,850,2012-11-05
205.5,800,2012-11-06
184.5,825,2012-11-07
217.8,850,2012-11-08
148.5,800,2012-11-09
125.8,825,2012-11-10
164.0,900,2012-11-12
115.0,900,2012-11-15
131.1,950,2012-11-22
71.3,1000,2012-11-23
118.5,900,2012-11-28
46.5,1000,2012-11-29
73.7,850,2012-11-30
64.0,825,2012-12-01
119.1,850,2012-12-03
50.0,900,2012-12-06
21.1,900,2012-12-07
25.0,800,2012-12-08
66.8,825,2012-12-10
50.2,850,2012-12-11
111.6,1200,2012-12-12
102.6,1250,2012-12-13
104.5,1200,2012-12-14
191.9,1050,2012-12-17
205.0,1000,2012-12-18
226.7,1050,2012-12-19
237.8,1000,2012-12-20
210.1,1050,2012-12-21
181.0,1100,2012-12-22
309.0,1000,2012-12-24
279.2,1025,2012-12-27
140.0,1050,2012-12-28
178.9,1100,2012-12-29
261.0,1150,2012-12-31
251.0,1200,2013-01-01
237.1,1150,2013-01-02
309.5,1200,2013-01-03
204.0,1050,2013-01-04
239.5,1000,2013-01-05
375.5,925,2013-01-07
348.0,1000,2013-01-08
318.0,1050,2013-01-09
309.0,1025,2013-01-10
177.6,1000,2013-01-11
201.8,1100,2013-01-12
207.0,1200,2013-01-15
198.4,1200,2013-01-17
198.4,1200,2013-01-18
181.7,1350,2013-01-19
206.8,1350,2013-01-21
226.5,1600,2013-01-22
249.7,1500,2013-01-23
179.8,1400,2013-01-24
175.0,1450,2013-01-25
147.0,1600,2013-01-29
149.1,1700,2013-01-30
237.1,1800,2013-01-31
159.5,2000,2013-02-01
136.0,1800,2013-02-02
203.4,1700,2013-02-04
177.3,1600,2013-02-05
166.3,1500,2013-02-06
193.1,1550,2013-02-07
113.7,1700,2013-02-08
173.9,1700,2013-02-11
160.9,1600,2013-02-12
138.4,1500,2013-02-13
122.2,1300,2013-02-14
67.5,1300,2013-02-15
124.7,1200,2013-02-16
164.2,1200,2013-02-18
124.5,1300,2013-02-20
121.0,1350,2013-02-21
76.6,1300,2013-02-22
135.6,1300,2013-02-23
207.0,1200,2013-02-25
183.6,1100,2013-02-26
71.3,1100,2013-02-28
132.5,1100,2013-03-01
126.7,1000,2013-03-02
205.4,900,2013-03-04
126.1,800,2013-03-05
66.5,825,2013-03-06
116.7,850,2013-03-07
101.1,875,2013-03-08
105.6,850,2013-03-09
162.2,800,2013-03-11
110.8,850,2013-03-12
112.7,800,2013-03-13
96.5,850,2013-03-14
178.8,840,2013-03-15
105.2,850,2013-03-16
167.9,825,2013-03-18
216.7,850,2013-03-19
186.5,950,2013-03-20
222.0,925,2013-03-21
219.0,900,2013-03-22
215.2,850,2013-03-23
269.4,900,2013-03-26
90.6,800,2013-03-28
140.3,840,2013-03-30
221.3,875,2013-04-02
189.4,850,2013-04-03
203.6,900,2013-04-04
305.1,925,2013-04-05
325.4,800,2013-04-06
379.9,800,2013-04-08
331.7,775,2013-04-09
293.4,750,2013-04-10
166.1,700,2013-04-12
177.7,700,2013-04-13
267.1,675,2013-04-15
379.6,650,2013-04-16
263.3,640,2013-04-17
251.5,700,2013-04-24
238.9,700,2013-04-25
139.5,700,2013-04-26
171.2,700,2013-04-27
184.5,725,2013-04-29
191.0,750,2013-05-02
266.0,725,2013-05-03
280.2,700,2013-05-04
330.9,750,2013-05-06
341.5,700,2013-05-07
402.0,651,2013-05-08
350.1,725,2013-05-09
373.8,650,2013-05-11
184.7,700,2013-05-13
223.0,675,2013-05-14
279.1,700,2013-05-15
365.5,725,2013-05-16
449.1,675,2013-05-17
421.0,625,2013-05-18
264.6,750,2013-05-20
261.0,700,2013-05-21
246.1,725,2013-05-22
184.0,700,2013-05-23
178.6,750,2013-05-24
221.8,900,2013-05-28
225.2,950,2013-05-29
204.5,900,2013-05-30
222.5,1000,2013-05-31
181.5,1000,2013-06-01
274.4,1050,2013-06-03
170.7,1200,2013-06-04
235.1,1250,2013-06-05
214.0,1300,2013-06-06
221.0,1250,2013-06-07
356.5,1150,2013-06-10
231.7,1100,2013-06-11
255.2,1100,2013-06-12
169.6,1200,2013-06-14
136.4,1250,2013-06-15
94.5,1200,2013-06-17
128.2,1400,2013-06-18
181.3,1450,2013-06-19
221.6,1400,2013-06-20
168.0,1300,2013-06-21
168.5,1300,2013-06-22
221.1,1325,2013-06-24
219.8,1300,2013-06-25
113.0,1295,2013-06-26
168.0,1400,2013-06-27
131.0,1450,2013-06-28
132.0,1000,2013-06-29
187.5,1400,2013-07-01
197.4,1500,2013-07-02
168.9,1500,2013-07-03
230.7,1500,2013-07-04
179.7,1500,2013-07-05
176.5,1550,2013-07-06
206.1,1750,2013-07-08
341.2,1850,2013-07-09
306.2,1900,2013-07-10
14.4,1800,2013-07-13
354.6,1950,2013-07-15
283.9,2000,2013-07-16
245.5,2000,2013-07-17
261.1,2150,2013-07-18
188.4,2250,2013-07-20
255.4,2100,2013-07-22
173.2,2000,2013-07-23
206.3,1950,2013-07-25
173.3,2000,2013-07-26
127.8,1950,2013-07-27
120.8,2000,2013-07-29
118.1,2200,2013-07-31
132.5,2200,2013-08-01
74.5,2250,2013-08-03
154.4,2500,2013-08-05
305.6,2050,2014-07-01
336.0,2000,2014-07-02
211.5,2200,2014-07-07
244.1,2200,2014-07-08
229.5,2050,2014-07-11
270.1,1900,2014-07-12
294.1,2000,2014-07-19
256.6,1700,2014-07-23
218.0,1600,2014-07-26
44.3,1750,2014-07-28
378.2,1500,2014-08-04
160.6,1100,2014-09-26
120.0,1700,2014-11-01
116.0,1700,2014-11-03
82.5,1500,2014-11-06
94.1,1400,2014-11-07
82.1,1400,2014-11-08
67.7,1400,2014-11-11
59.3,1550,2014-11-13
45.3,1700,2014-11-14
38.0,1800,2014-11-15
70.7,1600,2014-11-17
60.3,1500,2014-11-18
44.0,1400,2014-11-19
21.0,1500,2014-11-20
41.6,1500,2014-11-21
64.4,1700,2014-11-22
61.5,1900,2014-11-23
89.2,1500,2014-11-25
109.5,1500,2014-11-26
98.0,1500,2014-11-29
160.0,1400,2014-12-01
122.5,1500,2014-12-02
138.5,1600,2014-12-09
88.6,1400,2014-12-12
191.7,1600,2014-12-13
322.0,1350,2015-01-07
353.0,1250,2015-01-08
374.0,1250,2015-01-09
209.0,1500,2015-02-02
222.0,1500,2015-02-03
158.0,1600,2015-02-04
133.0,1200,2015-03-02
193.0,1400,2015-03-03
293.0,900,2015-04-01
63.0,3200,2015-11-02
132.0,2200,2015-11-19
195.0,2050,2015-11-20
227.0,1900,2015-11-21
400.0,1200,2015-11-23
250.0,1000,2015-11-24
94.0,1000,2015-11-26
311.0,1150,2015-11-30
234.0,1300,2015-12-01
254.0,900,2015-12-02
201.0,1050,2015-12-03
245.0,900,2015-12-04
347.0,950,2015-12-05
256.0,950,2015-12-08
280.0,1100,2015-12-09
336.0,1000,2015-12-10
281.0,950,2015-12-11
320.0,1100,2015-12-12
223.0,1050,2015-12-14
308.0,1150,2015-12-15
239.0,1300,2015-12-16
340.0,1050,2015-12-17
260.0,1100,2015-12-18
320.0,1050,2015-12-19
265.0,1100,2015-12-21
254.0,1150,2015-12-22
261.0,1200,2015-12-23
148.0,1100,2015-12-24
327.0,1200,2015-12-25
141.0,1300,2015-12-26
222.0,1600,2015-12-28
168.0,1550,2015-12-29
348.0,1500,2015-12-30
297.0,1300,2015-12-31
281.0,1400,2016-01-01
345.0,1350,2016-01-02
340.0,1300,2016-01-04
319.0,1200,2016-01-05
383.0,1300,2016-01-06
309.0,1200,2016-01-07
338.0,1150,2016-01-08
406.0,1300,2016-01-09
400.0,1130,2016-01-11
362.0,1100,2016-01-12
391.0,1200,2016-01-13
314.0,1050,2016-01-14
157.0,1130,2016-01-15
165.0,1100,2016-01-16
278.0,1075,2016-01-18
225.0,1125,2016-01-19
378.0,1150,2016-01-20
246.0,1125,2016-01-21
289.0,1100,2016-01-22
343.0,1000,2016-01-23
446.0,1100,2016-01-27
250.0,975,2016-01-29
374.0,1130,2016-01-30
390.0,1100,2016-02-01
331.0,900,2016-02-02
395.0,1000,2016-02-03
213.0,925,2016-02-04
213.0,925,2016-02-05
319.0,900,2016-02-06
233.0,850,2016-02-08
200.0,900,2016-02-09
304.0,750,2016-02-10
172.0,700,2016-02-11
195.0,500,2016-02-12
291.0,650,2016-02-15
202.0,550,2016-02-16
261.0,600,2016-02-17
180.0,650,2016-02-18
192.0,625,2016-02-19
275.0,536,2016-02-22
134.0,500,2016-02-23
179.0,450,2016-02-24
181.0,520,2016-02-25
248.0,600,2016-02-26
222.0,500,2016-02-27
209.0,590,2016-02-29
197.0,500,2016-03-01
223.0,510,2016-03-02
168.0,540,2016-03-04
196.0,560,2016-03-05
179.0,600,2016-03-07
171.0,550,2016-03-08
218.0,600,2016-03-09
184.0,580,2016-03-10
193.0,500,2016-03-11
217.0,525,2016-03-12
266.0,450,2016-03-14
209.0,550,2016-03-15
251.0,700,2016-03-16
169.0,650,2016-03-17
212.0,640,2016-03-19
37.0,700,2016-03-21
216.0,500,2016-03-22
160.0,550,2016-03-23
80.0,450,2016-03-24
137.0,500,2016-03-25
137.0,500,2016-03-26
217.0,520,2016-03-28
298.0,750,2016-03-29
185.0,650,2016-03-30
152.0,700,2016-03-31
161.0,650,2016-04-01
125.0,600,2016-04-02
469.0,675,2016-04-05
286.0,680,2016-04-07
271.0,700,2016-04-08
288.0,650,2016-04-09
444.0,670,2016-04-11
284.0,600,2016-04-12
262.0,620,2016-04-13
137.0,600,2016-04-14
160.0,611,2016-04-15
191.0,605,2016-04-16
179.0,650,2016-04-18
144.0,600,2016-04-19
182.0,615,2016-04-20
225.0,605,2016-04-21
205.0,655,2016-04-22
236.0,670,2016-04-23
354.0,650,2016-04-25
236.0,600,2016-04-26
177.0,450,2016-04-27
237.0,500,2016-04-28
154.0,550,2016-04-29
147.0,600,2016-04-30
323.0,550,2016-05-03
271.0,500,2016-05-04
389.0,550,2016-05-05
479.0,500,2016-05-06
616.0,550,2016-05-10
478.0,500,2016-05-11
339.0,510,2016-05-12
381.0,500,2016-05-13
464.0,380,2016-05-16
384.0,400,2016-05-17
282.0,450,2016-05-19
230.0,470,2016-05-20
253.0,505,2016-05-21
338.0,490,2016-05-23
247.0,500,2016-05-24
278.0,550,2016-05-25
265.0,500,2016-05-26
249.0,525,2016-05-27
353.0,600,2016-05-28
388.0,580,2016-05-30
301.0,550,2016-05-31
268.0,500,2016-06-01
236.0,550,2016-06-02
270.0,500,2016-06-03
270.0,550,2016-06-04
335.0,525,2016-06-06
309.0,500,2016-06-07
362.0,600,2016-06-08
244.0,570,2016-06-09
366.0,500,2016-06-10
340.0,520,2016-06-11
432.0,600,2016-06-13
445.0,590,2016-06-14
210.0,470,2016-06-16
212.0,500,2016-06-17
217.0,530,2016-06-18
237.0,500,2016-06-20
233.0,550,2016-06-21
234.0,450,2016-06-22
304.0,600,2016-06-23
238.0,500,2016-06-24
300.0,530,2016-06-25
346.0,550,2016-06-27
320.0,500,2016-06-28
332.0,600,2016-06-29
335.0,550,2016-06-30
265.0,450,2016-07-01
284.0,490,2016-07-02
325.0,510,2016-07-05
301.0,450,2016-07-06
364.0,500,2016-07-07
384.0,480,2016-07-08
276.0,520,2016-07-15
380.0,500,2016-07-17
472.0,555,2016-07-18
435.0,490,2016-07-19
538.0,475,2016-07-20
545.0,450,2016-07-21
635.0,480,2016-07-22
618.0,440,2016-07-23
656.0,500,2016-07-25
620.0,490,2016-07-26
509.0,510,2016-07-27
412.0,555,2016-07-28
485.0,500,2016-07-29
477.0,480,2016-07-30
566.0,600,2016-08-01
191.0,400,2016-08-02
305.0,525,2016-08-03
488.0,475,2016-08-04
538.0,490,2016-08-05
412.0,500,2016-08-06
610.0,450,2016-08-08
518.0,480,2016-08-09
528.0,490,2016-08-10
451.0,430,2016-08-11
394.0,460,2016-08-12
408.0,500,2016-08-13
461.0,510,2016-08-16
280.0,550,2016-08-17
178.0,520,2016-08-18
239.0,575,2016-08-19
275.0,530,2016-08-20
285.0,600,2016-08-22
266.0,555,2016-08-23
290.0,530,2016-08-24
240.0,475,2016-08-25
317.0,490,2016-08-26
239.0,451,2016-08-27
276.0,500,2016-08-29
380.0,480,2016-09-06
345.0,450,2016-09-07
287.0,420,2016-09-08
294.0,460,2016-09-09
219.0,440,2016-09-14
230.0,400,2016-09-16
196.0,420,2016-09-17
337.0,455,2016-09-19
227.0,430,2016-09-22
196.0,410,2016-09-23
263.0,340,2016-09-28
252.0,455,2016-09-29
195.0,480,2016-09-30
228.0,465,2016-10-01
270.0,390,2016-10-03
243.0,360,2016-10-04
244.0,400,2016-10-05
215.0,470,2016-10-07
258.0,450,2016-10-08
180.0,430,2016-10-10
135.0,490,2016-10-11
169.0,480,2016-10-13
195.0,520,2016-10-14
292.0,550,2016-10-15
428.0,535,2016-10-17
327.0,500,2016-10-18
350.0,560,2016-10-19
218.0,510,2016-10-20
297.0,500,2016-10-22
149.0,450,2016-10-25
112.0,510,2016-10-27
109.0,490,2016-10-28
161.0,550,2016-10-29
125.0,600,2016-11-08
127.0,550,2016-11-09
96.0,490,2016-11-10
103.0,530,2016-11-11
104.0,540,2016-11-12
138.0,490,2016-11-15
148.0,495,2016-11-16
102.0,500,2016-11-17
140.0,480,2016-11-18
227.0,560,2016-11-19
184.0,590,2016-11-21
157.0,600,2016-11-22
187.0,500,2016-11-23
142.0,400,2016-11-24
158.0,415,2016-11-25
98.0,460,2016-11-26
198.0,400,2016-11-28
139.0,550,2016-11-29
105.0,600,2016-11-30
112.0,700,2016-12-01
71.0,650,2016-12-02
123.0,600,2016-12-03
146.0,515,2016-12-05
162.0,400,2016-12-06
129.0,410,2016-12-07
60.0,510,2016-12-08
75.0,490,2016-12-09
68.0,480,2016-12-10
71.0,600,2016-12-12
100.0,550,2016-12-13
106.0,580,2016-12-14
112.0,600,2016-12-15
171.0,575,2016-12-16
268.0,520,2016-12-19
165.0,490,2016-12-20
230.0,510,2016-12-21
252.0,480,2016-12-22
218.0,450,2016-12-23
213.0,500,2016-12-24
319.0,550,2016-12-26
236.0,520,2016-12-27
286.0,515,2016-12-28
284.0,520,2016-12-29
227.0,440,2016-12-30
208.0,550,2016-12-31
403.0,650,2017-01-02
325.0,700,2017-01-03
462.0,600,2017-01-04
477.0,530,2017-01-05
450.0,560,2017-01-06
149.0,450,2017-01-07
349.0,515,2017-01-10
400.0,490,2017-01-11
316.0,500,2017-01-12
256.0,525,2017-01-24
381.0,650,2017-01-25
371.0,601,2017-01-27
397.0,500,2017-01-28
437.0,550,2017-01-30
356.0,525,2017-01-31
324.0,500,2017-02-01
329.0,520,2017-02-02
481.0,475,2017-02-06
349.0,500,2017-02-07
332.0,550,2017-02-08
224.0,550,2017-02-09
227.0,570,2017-02-10
385.0,500,2017-02-13
249.0,520,2017-02-14
344.0,450,2017-02-15
265.0,470,2017-02-20
266.0,500,2017-02-22
196.0,470,2017-02-25
322.0,460,2017-02-27
226.0,550,2017-02-28
255.0,611,2017-03-01
237.0,400,2017-03-02
326.0,460,2017-03-04
164.0,471,2017-03-07
202.0,460,2017-03-08
181.0,410,2017-03-09
199.0,560,2017-03-10
82.0,501,2017-03-14
265.0,460,2017-03-16
203.0,400,2017-03-21
219.0,500,2017-03-22
148.0,480,2017-03-23
179.0,600,2017-03-24
188.0,400,2017-03-27
131.0,450,2017-03-28
215.0,500,2017-04-03
165.0,510,2017-04-04
130.0,460,2017-04-06
248.0,500,2017-04-08
226.0,450,2017-04-17
346.0,400,2017-04-18
225.0,410,2017-04-19
388.0,300,2017-05-02
290.0,320,2017-05-03
208.0,390,2017-05-04
303.0,430,2017-05-08
162.0,385,2017-05-10
236.0,401,2017-05-15
128.0,360,2017-05-16
124.0,500,2017-05-17
181.0,451,2017-05-18
179.0,411,2017-05-22
148.0,400,2017-05-23
734.0,401,2017-05-29
579.0,450,2017-05-30
365.0,400,2017-05-31
110.0,500,2017-06-09
276.0,400,2017-06-10
378.0,450,2017-06-12
237.0,350,2017-06-13
399.0,400,2017-06-14
439.0,300,2017-06-15
449.0,450,2017-06-16
514.0,400,2017-06-17
379.0,441,2017-06-20
353.0,435,2017-06-21
343.0,550,2017-06-22
447.0,400,2017-06-27
340.0,425,2017-06-28
276.0,500,2017-06-30
422.0,450,2017-07-03
486.0,480,2017-07-04
349.0,425,2017-07-06
300.0,450,2017-07-08
304.0,410,2017-07-10
268.0,400,2017-07-11
288.0,350,2017-07-12
253.0,450,2017-07-13
115.0,425,2017-07-14
290.0,401,2017-07-15
345.0,450,2017-07-17
231.0,401,2017-07-18
222.0,500,2017-07-21
284.0,480,2017-07-22
287.0,700,2017-07-24
306.0,750,2017-07-25
323.0,700,2017-07-26
220.0,1000,2017-07-27
297.0,1300,2017-07-28
451.0,1100,2017-07-29
556.0,950,2017-08-01
632.0,1200,2017-08-02
538.0,2000,2017-08-04
746.0,2000,2017-08-05
634.0,2000,2017-08-12
395.0,1800,2017-08-14
319.0,1800,2017-08-17
264.0,2000,2017-08-18
168.0,2100,2017-08-21
140.0,2000,2017-08-22
250.0,1800,2017-08-23
276.0,1700,2017-08-24
216.0,1800,2017-08-26
237.0,1500,2017-08-28
154.0,1800,2017-08-29
202.0,1600,2017-08-30
161.0,1700,2017-08-31
207.0,2000,2017-09-01
210.0,1700,2017-09-02
301.0,1600,2017-09-04
347.0,1500,2017-09-06
262.0,1600,2017-09-07
348.0,1400,2017-09-08
359.0,1550,2017-09-09
205.0,1100,2017-09-11
199.0,1300,2017-09-12
171.0,1350,2017-09-13
147.0,1100,2017-09-14
123.0,1000,2017-09-15
141.0,1100,2017-09-16
74.0,1000,2017-09-18
76.0,1200,2017-09-19
142.0,1200,2017-09-20
115.0,1300,2017-09-21
90.0,1500,2017-09-22
162.0,1400,2017-09-23
252.0,800,2017-09-25
196.0,1050,2017-09-26
237.0,1300,2017-09-27
158.0,1300,2017-09-29
214.93631977946242,1400,2017-09-30
161.0,1350,2017-10-02
136.0,1500,2017-10-03
133.0,1650,2017-10-05
179.0,1700,2017-10-06
158.0,2050,2017-10-07
162.0,2550,2017-10-09
137.0,2450,2017-10-10
176.0,2350,2017-10-11
125.0,2200,2017-10-12
161.0,2200,2017-10-13
177.0,2400,2017-10-14
172.0,2600,2017-10-16
131.0,2400,2017-10-17
79.0,2450,2017-10-18
203.0,2500,2017-10-31
108.0,2350,2017-11-01
48.0,2600,2017-11-02
25.0,2500,2017-11-03
25.0,2800,2017-11-03
65.0,2850,2017-11-04
45.0,2300,2017-11-06
45.0,3000,2017-11-06
15.0,2800,2017-11-07
15.0,2250,2017-11-07
30.0,2400,2017-11-08
30.0,2200,2017-11-08
20.0,2000,2017-11-09
20.0,2500,2017-11-09
28.0,1800,2017-11-10
28.0,2300,2017-11-10
51.0,1700,2017-11-11
51.0,2200,2017-11-11
20.0,2400,2017-11-13
20.0,1500,2017-11-13
7.0,2100,2017-11-14
7.0,1700,2017-11-14
27.0,2800,2017-11-15
27.0,2000,2017-11-15
23.0,2700,2017-11-16
23.0,2400,2017-11-16
34.0,2350,2017-11-20
34.0,2550,2017-11-20
13.0,2500,2017-11-21
13.0,3000,2017-11-21
33.0,3000,2017-11-22
33.0,3200,2017-11-22
12.0,3700,2017-11-23
12.0,3500,2017-11-23
35.0,3800,2017-11-27
35.0,4000,2017-11-27
21.0,3500,2017-11-28
21.0,3300,2017-11-28
9.0,2500,2017-11-29
9.0,3000,2017-11-29
6.0,3400,2017-11-30
6.0,3000,2017-11-30
189.0,2800,2017-12-04
92.0,3000,2017-12-05
73.0,3000,2017-12-06
133.0,3500,2017-12-07
115.0,3200,2017-12-08
228.0,3300,2017-12-09
192.0,3200,2017-12-11
179.0,3500,2017-12-12
220.0,3700,2017-12-13
212.0,2800,2017-12-14
225.0,2600,2017-12-15
388.0,2800,2017-12-16
383.0,2900,2017-12-18
277.0,2700,2017-12-19
324.0,2800,2017-12-20
214.0,2800,2017-12-21
260.0,2600,2017-12-22
214.0,2700,2017-12-25
243.0,2850,2017-12-26
265.0,2900,2017-12-27
196.0,3000,2017-12-28
224.0,2950,2017-12-29
254.0,3000,2017-12-30
199.0,2800,2018-01-01
153.0,2900,2018-01-02
120.0,3200,2018-01-03
236.0,3300,2018-01-04
139.0,3100,2018-01-05
153.0,3000,2018-01-06
220.0,3200,2018-01-08
178.0,2800,2018-01-09
257.0,3000,2018-01-10
215.0,2900,2018-01-11
253.0,3000,2018-01-12
295.0,2900,2018-01-13
123.0,3000,2018-01-15
143.0,3000,2018-01-16
170.0,3000,2018-01-17
118.0,2900,2018-01-18
156.0,3000,2018-01-19
184.0,3100,2018-01-20
189.0,2850,2018-01-22
201.0,2800,2018-01-23
180.0,2850,2018-01-24
160.0,2850,2018-01-25
45.0,2400,2018-01-27
147.0,2200,2018-01-29
172.0,1800,2018-01-31
123.0,1800,2018-02-01
184.0,1700,2018-02-02
182.0,1700,2018-02-03
131.0,2150,2018-02-05
155.0,2000,2018-02-06
192.0,1800,2018-02-07
149.0,1500,2018-02-08
97.0,1700,2018-02-09
191.0,1750,2018-02-10
240.0,1800,2018-02-12
97.0,1651,2018-02-13
148.0,1700,2018-02-14
149.0,2000,2018-02-15
155.0,1700,2018-02-16
233.0,1800,2018-02-17
303.0,1800,2018-02-20
242.0,1500,2018-02-21
276.0,1500,2018-02-22
243.0,1600,2018-02-23
398.0,1350,2018-02-24
394.0,1000,2018-02-26
287.0,1100,2018-02-27
109.0,1000,2018-03-01
56.0,1000,2018-03-02
105.0,1100,2018-03-03
159.0,1150,2018-03-05
28.0,1100,2018-03-06
187.0,1100,2018-03-07
185.0,1100,2018-03-08
273.0,900,2018-03-09
170.0,900,2018-03-12
103.0,900,2018-03-13
73.0,900,2018-03-14
97.0,900,2018-03-15
151.0,900,2018-03-16
145.0,900,2018-03-17
145.0,900,2018-03-19
141.0,800,2018-03-20
181.0,750,2018-03-21
153.0,800,2018-03-22
124.0,850,2018-03-23
205.0,900,2018-03-26
248.0,800,2018-03-28
134.0,900,2018-03-29
142.0,850,2018-03-30
158.0,700,2018-03-31
180.0,900,2018-04-01
224.0,900,2018-04-03
242.0,800,2018-04-04
245.0,800,2018-04-06
269.0,800,2018-04-07
309.0,700,2018-04-09
205.0,650,2018-04-10
200.0,700,2018-04-13
148.0,700,2018-04-14
214.0,700,2018-04-16
203.0,600,2018-04-17
182.0,700,2018-04-19
92.0,650,2018-04-20
202.0,700,2018-04-21
234.0,750,2018-04-23
150.0,700,2018-04-24
114.0,700,2018-04-25
76.0,650,2018-04-26
103.0,700,2018-04-27
102.0,650,2018-04-28
186.0,675,2018-04-30
262.0,700,2018-05-02
223.0,750,2018-05-03
180.0,700,2018-05-04
305.0,750,2018-05-05
193.0,650,2018-05-07
109.0,650,2018-05-08
154.0,650,2018-05-09
246.0,600,2018-05-10
189.0,650,2018-05-11
329.0,700,2018-05-14
422.0,600,2018-05-15
382.0,650,2018-05-16
359.0,600,2018-05-17
330.0,650,2018-05-18
440.0,600,2018-05-19
459.0,600,2018-05-21
320.0,600,2018-05-22
269.0,625,2018-05-23
337.0,650,2018-05-24
377.0,600,2018-05-25
332.0,700,2018-05-28
264.0,650,2018-05-29
286.0,750,2018-05-30
278.0,850,2018-05-31
39.0,850,2018-06-01
30.0,1000,2018-06-02
163.0,850,2018-06-04
204.0,900,2018-06-05
306.0,800,2018-06-06
140.0,750,2018-06-07
189.0,700,2018-06-08
240.0,700,2018-06-09
308.0,750,2018-06-11
284.0,725,2018-06-12
299.0,700,2018-06-13
272.0,750,2018-06-14
328.0,750,2018-06-18
307.0,800,2018-06-19
280.0,800,2018-06-20
359.0,800,2018-06-21
342.0,900,2018-06-22
444.0,950,2018-06-23
392.0,850,2018-06-25
406.0,800,2018-06-26
451.0,850,2018-06-27
278.0,900,2018-06-28
322.0,925,2018-06-29
329.0,900,2018-06-30
409.0,1100,2018-07-02
300.0,1075,2018-07-03
419.0,1000,2018-07-04
420.0,1050,2018-07-05
369.0,1100,2018-07-06
325.0,1050,2018-07-07
461.0,1100,2018-07-09
281.0,1100,2018-07-10
265.0,1050,2018-07-11
282.0,1025,2018-07-12
288.0,1000,2018-07-13
326.0,1050,2018-07-14
311.0,1100,2018-07-16
258.0,1050,2018-07-17
324.0,1100,2018-07-18
256.0,1050,2018-07-19
208.0,1100,2018-07-20
272.0,1100,2018-07-21
346.0,1100,2018-07-23
237.0,1050,2018-07-24
55.0,1000,2018-07-25
192.0,1050,2018-07-26
169.0,1000,2018-07-27
204.0,1100,2018-07-28
261.0,1100,2018-07-30
289.0,1000,2018-07-31
303.0,950,2018-08-01
324.0,1000,2018-08-02
288.0,950,2018-08-03
390.0,925,2018-08-06
301.0,875,2018-08-07
287.0,900,2018-08-08
268.0,925,2018-08-13
285.0,925,2018-08-14
205.0,900,2018-08-16
273.0,900,2018-08-17
411.0,950,2018-08-18
401.0,950,2018-08-20
290.0,850,2018-08-21
239.0,900,2018-08-22
310.0,800,2018-08-23
240.0,800,2018-08-24
309.0,825,2018-08-25
133.0,800,2018-08-27
164.0,700,2018-08-28
169.0,725,2018-08-29
140.0,750,2018-08-30
125.0,750,2018-08-31
204.0,800,2018-09-01
222.0,850,2018-09-03
162.0,800,2018-09-04
171.0,825,2018-09-05
154.0,800,2018-09-06
165.0,825,2018-09-07
182.0,800,2018-09-08
104.0,800,2018-09-10
157.0,800,2018-09-11
25.0,800,2018-09-12
120.0,750,2018-09-13
189.0,725,2018-09-14
311.0,700,2018-09-15
264.0,750,2018-09-17
187.0,700,2018-09-18
207.0,650,2018-09-19
152.0,650,2018-09-20
199.0,650,2018-09-21
182.0,650,2018-09-22
142.0,600,2018-09-24
181.0,650,2018-09-26
112.0,625,2018-09-27
117.0,700,2018-09-28
132.0,600,2018-09-29
152.0,650,2018-10-01
123.0,750,2018-10-02
150.0,700,2018-10-03
156.0,750,2018-10-04
168.0,800,2018-10-05
205.0,800,2018-10-06
187.0,900,2018-10-10
162.0,1000,2018-10-11
125.0,1000,2018-10-12
216.0,1000,2018-10-13
271.0,1500,2018-10-15
178.0,1600,2018-10-16
147.0,2000,2018-10-17
147.0,2000,2018-10-18
134.0,1800,2018-10-19
195.0,1600,2018-10-20
215.0,1400,2018-10-22
162.0,1200,2018-10-23
169.0,1400,2018-10-24
102.0,1200,2018-10-25
84.0,1300,2018-10-26
157.0,1300,2018-10-27
137.0,1200,2018-10-29
149.0,1200,2018-10-30
116.0,1100,2018-11-01
125.0,1000,2018-11-02
124.0,1100,2018-11-03
100.0,1000,2018-11-05
84.0,1000,2018-11-06
59.0,1100,2018-11-13
47.0,1150,2018-11-14
92.0,1250,2018-11-15
144.0,1000,2018-11-16
196.0,800,2018-11-17
177.0,550,2018-11-19
117.0,1000,2018-11-20
134.0,450,2018-11-21
120.0,900,2018-11-22
98.0,950,2018-11-23
150.0,900,2018-11-24
147.0,850,2018-11-26
112.0,800,2018-11-27
112.0,400,2018-11-27
100.0,800,2018-11-28
48.0,400,2018-11-29
48.0,900,2018-11-29
19.0,800,2018-11-30
19.0,375,2018-11-30
31.0,850,2018-12-01
31.0,450,2018-12-01
101.0,400,2018-12-03
56.0,800,2018-12-04
56.0,350,2018-12-04
59.0,825,2018-12-05
59.0,350,2018-12-05
75.0,325,2018-12-06
75.0,500,2018-12-06
34.0,350,2018-12-07
34.0,600,2018-12-07
60.0,325,2018-12-08
60.0,600,2018-12-08
78.0,350,2018-12-11
78.0,700,2018-12-11
50.0,300,2018-12-13
50.0,725,2018-12-13
61.0,750,2018-12-14
61.0,300,2018-12-14
81.0,375,2018-12-15
81.0,800,2018-12-15
49.0,600,2018-12-17
49.0,250,2018-12-17
89.0,300,2018-12-18
89.0,650,2018-12-18
42.0,600,2018-12-19
42.0,350,2018-12-19
26.0,300,2018-12-20
26.0,500,2018-12-20
55.0,600,2018-12-21
55.0,300,2018-12-21
63.0,250,2018-12-22
63.0,500,2018-12-22
66.0,250,2018-12-25
66.0,500,2018-12-25
89.0,450,2018-12-26
89.0,225,2018-12-26
27.0,200,2018-12-27
27.0,475,2018-12-27
58.0,650,2018-12-28
58.0,300,2018-12-28
58.0,700,2018-12-31
58.0,250,2018-12-31
71.0,200,2019-01-01
71.0,800,2019-01-01
137.0,700,2019-01-02
137.0,700,2019-01-02
226.0,600,2019-01-03
226.0,200,2019-01-03
152.0,200,2019-01-04
152.0,650,2019-01-04
66.0,200,2019-01-05
66.0,700,2019-01-05
73.0,200,2019-01-07
73.0,650,2019-01-07
95.0,275,2019-01-08
95.0,600,2019-01-08
77.0,575,2019-01-09
77.0,275,2019-01-09
62.0,600,2019-01-10
62.0,250,2019-01-10
82.0,200,2019-01-11
82.0,500,2019-01-11
69.0,500,2019-01-12
69.0,200,2019-01-12
25.0,600,2019-01-14
25.0,200,2019-01-14
3.0,550,2019-01-16
3.0,150,2019-01-16
122.0,600,2019-01-17
243.0,600,2019-01-18
36.0,650,2019-01-19
36.0,210,2019-01-19
24.0,600,2019-01-21
24.0,200,2019-01-21
6.0,200,2019-01-22
6.0,625,2019-01-22
9.0,625,2019-01-23
9.0,175,2019-01-23
278.0,400,2019-01-25
289.0,450,2019-01-28
28.0,450,2019-01-29
28.0,150,2019-01-29
2.0,450,2019-01-30
2.0,200,2019-01-30
19.0,400,2019-01-31
19.0,180,2019-01-31
264.0,350,2019-02-01
25.0,125,2019-02-02
25.0,325,2019-02-02
7.0,350,2019-02-04
7.0,125,2019-02-04
4.0,350,2019-02-05
4.0,150,2019-02-05
235.0,400,2019-02-06
15.0,450,2019-02-07
15.0,150,2019-02-07
270.0,450,2019-02-08
352.0,450,2019-02-09
294.0,400,2019-02-11
235.0,350,2019-02-12
263.0,375,2019-02-13
261.0,400,2019-02-14
231.0,350,2019-02-15
317.0,375,2019-02-16
263.0,400,2019-02-18
271.0,400,2019-02-20
170.0,400,2019-02-21
139.0,400,2019-02-22
168.0,425,2019-02-23
178.0,450,2019-02-25
134.0,425,2019-02-26
175.0,451,2019-02-27
180.0,450,2019-02-28
197.0,425,2019-03-01
198.0,400,2019-03-02
88.0,475,2019-03-05
101.0,450,2019-03-06
147.0,475,2019-03-07
164.0,450,2019-03-08
119.0,500,2019-03-09
159.0,600,2019-03-11
131.0,650,2019-03-12
162.0,650,2019-03-13
212.0,700,2019-03-14
359.0,600,2019-03-15
444.0,551,2019-03-16
181.0,600,2019-03-19
121.0,550,2019-03-20
67.0,500,2019-03-21
121.0,550,2019-03-22
164.0,651,2019-03-23
85.0,650,2019-03-25
269.0,600,2019-03-26
205.0,575,2019-03-27
170.0,550,2019-03-28
156.0,500,2019-03-29
195.0,500,2019-03-30
213.0,651,2019-04-04
238.0,650,2019-04-05
404.0,600,2019-04-08
241.0,550,2019-04-09
249.0,600,2019-04-10
299.0,650,2019-04-11
263.0,600,2019-04-12
317.0,650,2019-04-13
505.0,601,2019-04-15
373.0,575,2019-04-16
147.0,600,2019-04-18
156.0,651,2019-04-19
190.0,575,2019-04-20
264.0,700,2019-04-22
217.0,725,2019-04-23
211.0,750,2019-04-24
278.0,800,2019-04-25
271.0,700,2019-04-26
357.0,750,2019-04-27
321.0,750,2019-04-30
550.0,650,2019-05-02
455.0,600,2019-05-03
533.0,601,2019-05-04
496.0,650,2019-05-06
355.0,600,2019-05-08
252.0,651,2019-05-09
286.0,601,2019-05-10
336.0,650,2019-05-11
344.0,700,2019-05-13
162.0,650,2019-05-14
317.0,700,2019-05-15
268.0,701,2019-05-21
227.0,750,2019-05-24
289.0,900,2019-05-25
406.0,951,2019-05-27
420.0,950,2019-05-28
473.0,950,2019-05-29
389.0,900,2019-05-30
354.0,925,2019-05-31
490.0,900,2019-06-01
618.0,875,2019-06-03
720.0,900,2019-06-04
765.0,925,2019-06-06
326.0,1050,2019-06-08
320.0,1200,2019-06-10
252.0,1300,2019-06-11
320.0,1300,2019-06-12
346.0,1250,2019-06-13
267.0,1100,2019-06-14
328.0,1350,2019-06-15
116.0,1300,2019-06-17
278.0,1200,2019-06-18
281.0,1150,2019-06-19
206.0,1100,2019-06-20
248.0,1100,2019-06-21
266.0,1150,2019-06-22
210.0,1100,2019-06-24
164.0,1100,2019-06-25
200.0,1111,2019-06-26
184.0,1150,2019-06-27
132.0,1100,2019-06-28
186.0,1100,2019-06-29
245.0,1150,2019-07-01
175.0,1000,2019-07-02
225.0,1200,2019-07-03
226.0,1150,2019-07-04
200.0,1250,2019-07-05
238.0,950,2019-07-06
272.0,1200,2019-07-08
346.0,1225,2019-07-09
375.0,1200,2019-07-10
239.0,1000,2019-07-11
217.0,1200,2019-07-12
347.0,1200,2019-07-13
275.0,1150,2019-07-15
293.0,1100,2019-07-16
191.0,1150,2019-07-17
173.0,1100,2019-07-18
203.0,1150,2019-07-19
202.0,1250,2019-07-20
223.0,1150,2019-07-22
249.0,1100,2019-07-23
276.0,1075,2019-07-24
182.0,1100,2019-07-26
236.0,1100,2019-07-27
252.0,1100,2019-07-29
197.0,1100,2019-07-30
169.0,1100,2019-07-31
198.0,1200,2019-08-02
233.0,1200,2019-08-03
74.0,1351,2019-08-05
188.0,1450,2019-08-06
324.0,1300,2019-08-08
253.0,1100,2019-08-09
190.0,1200,2019-08-12
217.0,1250,2019-08-13
229.0,1300,2019-08-14
147.0,1700,2019-08-16
286.0,1700,2019-08-17
338.0,1600,2019-08-19
281.0,2200,2019-08-20
360.0,2200,2019-08-21
325.0,2100,2019-08-22
295.0,2000,2019-08-23
360.0,1950,2019-08-24
302.0,2100,2019-08-26
269.0,2200,2019-08-27
258.0,2200,2019-08-28
249.0,2300,2019-08-29
194.0,2300,2019-08-30
173.0,2250,2019-08-31
247.0,2100,2019-09-03
181.0,2350,2019-09-05
235.0,2200,2019-09-07
180.0,2400,2019-09-09
2.0,3200,2019-09-13
176.0,3200,2019-09-14
215.0,3300,2019-09-16
183.0,3250,2019-09-17
167.0,3300,2019-09-18
90.0,4100,2019-09-19
149.0,4200,2019-09-20
181.0,4100,2019-09-21
151.0,4000,2019-09-23
116.0,3900,2019-09-24
118.0,3500,2019-09-25
67.0,3100,2019-09-26
94.0,3300,2019-09-27
89.0,3550,2019-09-28
102.0,3550,2019-09-30
102.0,3300,2019-10-01
55.0,2900,2019-10-03
47.0,3000,2019-10-04
54.0,3200,2019-10-05
34.0,3400,2019-10-07
68.0,3500,2019-10-08
46.0,3600,2019-10-09
78.0,3300,2019-10-10
84.0,3250,2019-10-11
107.0,3200,2019-10-12
108.0,2900,2019-10-14
105.0,3000,2019-10-15
68.0,2600,2019-10-16
48.0,2300,2019-10-17
63.0,2400,2019-10-18
94.0,2300,2019-10-19
42.0,3300,2019-10-22
55.0,3800,2019-10-23
47.0,3800,2019-10-24
46.0,3500,2019-10-25
95.0,3900,2019-10-26
53.0,4800,2019-11-04
36.0,5000,2019-11-05
53.0,4600,2019-11-06
48.0,3400,2019-11-07
70.0,3700,2019-11-08
43.0,4000,2019-11-09
24.0,4100,2019-11-11
115.0,4000,2019-11-12
24.0,3251,2019-11-13
17.0,3700,2019-11-14
52.0,4000,2019-11-15
14.0,3200,2019-11-18
10.0,4700,2019-11-19
12.0,3150,2019-11-20
19.0,4950,2019-11-21
18.0,5000,2019-11-22
14.0,5100,2019-11-23
24.0,5500,2019-11-25
9.0,5600,2019-11-26
17.0,4200,2019-11-27
16.0,6000,2019-11-28
18.0,5500,2019-11-29
9.0,5100,2019-11-30
1.0,6200,2019-12-02
1.0,5100,2019-12-02
12.0,6500,2019-12-03
12.0,8000,2019-12-03
27.0,7500,2019-12-06
19.0,5200,2019-12-07
1.0,5500,2019-12-09
1.0,8000,2019-12-09
46.0,4500,2019-12-11
46.0,7000,2019-12-11
55.0,4300,2019-12-12
26.0,4500,2019-12-13
33.0,4800,2019-12-14
43.0,5200,2019-12-15
43.0,5200,2019-12-16
58.0,6000,2019-12-17
43.0,5600,2019-12-18
49.0,5000,2019-12-19
90.0,5100,2019-12-20
107.0,4700,2019-12-21
138.0,5500,2019-12-23
82.0,5500,2019-12-25
82.0,5100,2019-12-26
111.0,5400,2019-12-27
118.0,5500,2019-12-28
161.0,4000,2019-12-31
139.0,3500,2020-01-01
120.0,3500,2020-01-02
188.0,3500,2020-01-04
135.0,3700,2020-01-06
139.0,3000,2020-01-08
130.0,3050,2020-01-09
127.0,2250,2020-01-11
190.0,2350,2020-01-13
139.0,2500,2020-01-14
110.0,2400,2020-01-15
76.0,2500,2020-01-16
91.0,2600,2020-01-17
136.0,3200,2020-01-20
151.0,3100,2020-01-21
125.0,3600,2020-01-22
168.0,3200,2020-01-23
191.0,2600,2020-01-27
237.0,2000,2020-01-29
185.0,2100,2020-01-30
130.0,2100,2020-01-31
195.0,2000,2020-02-01
201.0,2000,2020-02-03
148.0,1800,2020-02-04
226.0,1500,2020-02-05
175.0,1600,2020-02-06
135.0,1700,2020-02-07
145.0,1400,2020-02-08
146.0,1600,2020-02-10
114.0,1650,2020-02-11
91.0,1600,2020-02-12
110.0,1800,2020-02-13
99.0,1700,2020-02-14
133.0,1700,2020-02-15
159.0,1700,2020-02-17
140.0,1600,2020-02-18
226.0,1650,2020-02-20
76.0,1600,2020-02-21
153.0,1800,2020-02-22
167.0,1700,2020-02-24
120.0,1600,2020-02-25
169.0,1900,2020-02-26
126.0,1800,2020-02-27
91.0,1800,2020-02-28
198.0,1600,2020-03-02
152.0,1550,2020-03-03
146.0,1650,2020-03-05
126.0,1700,2020-03-06
233.0,1600,2020-03-07
120.0,1300,2020-03-11
82.0,1350,2020-03-12
30.0,1400,2020-03-13
326.0,1550,2020-03-16
355.0,1350,2020-03-17
341.0,1050,2020-03-18
206.0,950,2020-04-03
198.0,1000,2020-04-04
504.0,800,2020-04-06
319.0,900,2020-04-07
417.0,850,2020-04-18
298.0,750,2020-04-30
216.0,700,2020-05-06
230.0,650,2020-05-07
283.0,650,2020-05-08
296.0,600,2020-05-09
260.0,500,2020-05-14
327.0,550,2020-05-15
350.0,525,2020-05-16
440.0,550,2020-05-18
421.0,525,2020-05-19
325.0,550,2020-05-20
264.0,450,2020-05-21
257.0,450,2020-05-22
241.0,450,2020-05-23
265.0,600,2020-06-01
265.0,600,2020-06-02
178.0,800,2020-06-03
71.0,750,2020-06-04
244.0,600,2020-06-05
209.0,850,2020-06-06
477.0,875,2020-06-08
268.0,850,2020-06-09
242.0,850,2020-06-10
191.0,750,2020-06-11
196.0,850,2020-06-12
140.0,850,2020-06-13
242.0,875,2020-06-15
274.0,700,2020-06-17
284.0,650,2020-06-18
223.0,600,2020-06-19
197.0,650,2020-06-20
193.0,600,2020-06-22
85.0,650,2020-06-23
113.0,800,2020-06-24
40.0,750,2020-06-25
116.0,600,2020-07-01
107.0,600,2020-07-02
118.0,650,2020-07-03
174.0,650,2020-07-04
175.0,525,2020-07-06
123.0,550,2020-07-07
151.0,525,2020-07-08
137.0,550,2020-07-09
140.0,500,2020-07-10
140.0,575,2020-07-11
185.0,550,2020-07-13
118.0,600,2020-07-14
133.0,550,2020-07-15
96.0,600,2020-07-16
125.0,600,2020-07-17
137.0,625,2020-07-18
86.0,600,2020-07-20
135.0,525,2020-07-21
151.0,525,2020-07-22
143.0,600,2020-07-23
253.0,580,2020-07-27
147.0,525,2020-07-28
208.0,600,2020-07-29
178.0,625,2020-07-30
163.0,525,2020-07-31
229.0,520,2020-08-01
224.0,500,2020-08-04
160.0,550,2020-08-05
137.0,560,2020-08-06
159.0,450,2020-08-07
172.0,550,2020-08-08
174.0,600,2020-08-10
108.0,650,2020-08-11
123.0,825,2020-08-12
114.0,750,2020-08-13
104.0,850,2020-08-14
297.0,1250,2020-08-17
172.0,1200,2020-08-18
175.0,1350,2020-08-19
294.0,1550,2020-08-20
559.0,950,2020-08-22
464.0,1150,2020-08-24
307.0,1175,2020-08-25
284.0,1300,2020-08-27
232.0,1375,2020-08-28
344.0,1400,2020-08-29
677.0,1400,2020-08-31
380.0,1450,2020-09-02
306.0,1800,2020-09-03
316.0,1900,2020-09-04
340.0,1800,2020-09-05
338.0,1750,2020-09-07
294.0,1850,2020-09-08
283.0,2100,2020-09-09
264.0,2100,2020-09-10
238.0,2400,2020-09-11
185.0,2300,2020-09-12
222.0,2800,2020-09-14
196.0,2300,2020-09-15
162.0,2400,2020-09-16
96.0,2300,2020-09-17
79.0,2500,2020-09-18
90.0,2650,2020-09-19
218.0,2350,2020-09-21
185.0,3400,2020-09-22
226.0,3200,2020-09-23
272.0,3000,2020-09-24
169.0,2700,2020-09-25
233.0,3250,2020-09-28
159.0,3150,2020-09-29
126.0,3300,2020-09-30
95.0,3400,2020-10-01
108.0,3100,2020-10-02
108.0,3100,2020-10-03
125.0,3000,2020-10-05
73.0,3150,2020-10-06
103.0,3100,2020-10-07
96.0,3100,2020-10-08
79.0,3100,2020-10-09
82.0,3300,2020-10-10
64.0,3200,2020-10-13
30.0,4750,2020-10-28
27.0,4550,2020-10-30
50.0,5300,2020-10-31
17.0,3050,2020-11-03
17.0,4050,2020-11-03
89.0,3600,2020-11-07
7.0,1725,2020-11-11
7.0,3950,2020-11-11
6.0,3600,2020-11-12
6.0,1600,2020-11-12
12.0,3550,2020-11-13
12.0,1950,2020-11-13
87.0,3500,2020-11-16
15.0,4200,2020-11-21
15.0,4000,2020-11-21
104.0,4090,2020-11-23
43.0,3350,2020-11-25
43.0,3600,2020-11-25
73.0,4000,2020-11-26
73.0,3200,2020-11-26
39.0,2900,2020-11-27
39.0,3200,2020-11-27
42.0,3100,2020-11-28
42.0,2450,2020-11-28
46.0,3050,2020-11-30
46.0,2500,2020-11-30
88.0,3000,2020-12-02
28.0,3000,2020-12-03
28.0,2800,2020-12-03
25.0,2100,2020-12-04
25.0,2400,2020-12-04
25.0,2100,2020-12-05
25.0,1850,2020-12-05
34.0,2500,2020-12-07
34.0,2400,2020-12-07
17.0,2400,2020-12-09
17.0,2550,2020-12-09
15.0,2550,2020-12-10
15.0,2800,2020-12-10
21.0,2650,2020-12-11
21.0,2100,2020-12-11
21.0,2450,2020-12-12
21.0,2720,2020-12-12
41.0,2530,2020-12-14
23.0,2800,2020-12-15
23.0,2350,2020-12-15
20.0,2650,2020-12-16
20.0,2250,2020-12-16
22.0,2450,2020-12-17
22.0,2600,2020-12-17
239.0,2100,2020-12-18
262.0,1560,2020-12-19
261.0,1840,2020-12-21
175.0,1800,2020-12-23
171.0,1930,2020-12-24
197.0,1900,2020-12-25
213.0,1650,2020-12-26
272.0,2450,2020-12-29
110.0,2130,2020-12-30
91.0,2050,2020-12-31
110.0,2350,2021-01-01
175.0,2100,2021-01-02
271.0,1750,2021-01-04
278.0,2100,2021-01-05
105.0,2150,2021-01-14
49.0,2600,2021-01-15
93.0,2550,2021-01-16
133.0,2350,2021-01-18
136.0,2400,2021-01-19
125.0,2700,2021-01-20
109.0,2250,2021-01-21
103.0,2400,2021-01-22
183.0,2350,2021-01-23
177.0,2450,2021-01-25
138.0,2200,2021-01-27
106.0,2400,2021-01-28
89.0,2300,2021-01-29
91.0,2250,2021-01-30
95.0,2350,2021-02-01
67.0,2650,2021-02-02
68.0,2550,2021-02-03
60.0,2800,2021-02-04
80.0,2850,2021-02-05
76.0,3100,2021-02-09
100.0,3400,2021-02-10
112.0,3150,2021-02-11
112.0,3150,2021-02-11
100.0,3300,2021-02-12
106.0,3100,2021-02-15
76.0,3150,2021-02-16
72.0,3510,2021-02-17
63.0,3550,2021-02-18
134.0,3500,2021-02-20
109.0,4100,2021-02-22
150.0,4100,2021-02-23
112.0,3100,2021-02-24
95.0,2800,2021-02-25
177.0,2100,2021-02-26
221.0,1800,2021-02-27
144.0,2000,2021-03-01
80.0,2200,2021-03-02
68.0,2100,2021-03-03
140.0,1800,2021-03-05
167.0,1800,2021-03-06
238.0,1450,2021-03-08
190.0,1300,2021-03-09
162.0,1200,2021-03-10
100.0,1200,2021-03-11
122.0,1350,2021-03-12
83.0,1350,2021-03-13
160.0,1300,2021-03-15
146.0,1050,2021-03-20
182.0,950,2021-03-22
138.0,900,2021-03-23
110.0,900,2021-03-24
140.0,960,2021-03-25
143.0,950,2021-03-26
147.0,970,2021-03-27
119.0,950,2021-03-30
119.0,900,2021-03-31
110.0,950,2021-04-01
76.0,950,2021-04-02
222.0,890,2021-04-03
167.0,950,2021-04-05
200.0,800,2021-04-06
173.0,950,2021-04-07
173.0,950,2021-04-07
183.0,900,2021-04-09
166.0,850,2021-04-10
193.0,950,2021-04-12
225.0,900,2021-04-14
118.0,950,2021-04-15
102.0,1050,2021-04-23
121.0,1000,2021-04-24
165.0,950,2021-04-26
125.0,900,2021-04-27
129.0,1050,2021-04-28
159.0,1100,2021-04-29
225.0,1000,2021-04-30
361.0,1150,2021-05-03
353.0,1100,2021-05-04
319.0,1200,2021-05-05
360.0,1000,2021-05-06
321.0,1050,2021-05-07
259.0,1000,2021-05-08
393.0,950,2021-05-09
441.0,1350,2021-05-11
191.0,1350,2021-05-24
273.0,1250,2021-05-25
372.0,1350,2021-05-26
451.0,1300,2021-05-27
613.0,1550,2021-05-28
481.0,1600,2021-05-29
584.0,1600,2021-05-31
454.0,1750,2021-06-01
385.0,1700,2021-06-02
409.0,1750,2021-06-03
392.0,1800,2021-06-04
369.0,1700,2021-06-05
389.0,1650,2021-06-08
362.0,1800,2021-06-10
259.0,1650,2021-06-12
352.0,1700,2021-06-14
261.0,1800,2021-06-15
234.0,1850,2021-06-16
291.0,1800,2021-06-17
307.0,1900,2021-06-18
250.0,1900,2021-06-19
466.0,1800,2021-06-21
380.0,1850,2021-06-22
358.0,1700,2021-06-23
310.0,1750,2021-06-24
293.0,1500,2021-06-25
207.0,1700,2021-06-26
253.0,1700,2021-06-28
256.0,1650,2021-06-29
231.0,1600,2021-06-30
218.0,1600,2021-07-02
184.0,1500,2021-07-03
217.0,1500,2021-07-05
190.0,1550,2021-07-06
214.0,1650,2021-07-07
165.0,1400,2021-07-08
200.0,1550,2021-07-09
204.0,1500,2021-07-10
179.0,1475,2021-07-13
217.0,1400,2021-07-14
204.0,1350,2021-07-15
159.0,1370,2021-07-16
206.0,1350,2021-07-17
217.0,1300,2021-07-19
150.0,1200,2021-07-20
145.0,1400,2021-07-21
182.0,1500,2021-07-22
181.0,1550,2021-07-23
204.0,1500,2021-07-24
249.0,1650,2021-07-26
250.0,1750,2021-07-27
216.0,1780,2021-07-28
191.0,1810,2021-07-29
18.0,1800,2021-07-30
253.0,1670,2021-07-31
283.0,1550,2021-08-02
220.0,1400,2021-08-03
234.0,1500,2021-08-04
175.0,1200,2021-08-06
248.0,1400,2021-08-07
247.0,1500,2021-08-09
199.0,1400,2021-08-10
147.0,1400,2021-08-11
143.0,1300,2021-08-12
155.0,1500,2021-08-13
137.0,1350,2021-08-14
212.0,1520,2021-08-16
248.0,1550,2021-08-17
202.0,1400,2021-08-18
220.0,1450,2021-08-19
185.0,1400,2021-08-20
294.0,1350,2021-08-21
204.0,1150,2021-08-23
210.0,1350,2021-08-24
228.0,1250,2021-08-25
192.0,1100,2021-08-26
203.0,1250,2021-08-27
288.0,1100,2021-08-28
302.0,1400,2021-08-30
208.0,1112,2021-08-31
199.0,1250,2021-09-01
195.0,1280,2021-09-02
198.0,1200,2021-09-03
219.0,1200,2021-09-04
196.0,1200,2021-09-06
87.0,1250,2021-09-07
174.0,1150,2021-09-08
183.0,1370,2021-09-09
210.0,1330,2021-09-11
323.0,1251,2021-09-13
272.0,350,2021-09-14
272.0,1350,2021-09-14
208.0,1250,2021-09-17
241.0,1200,2021-09-18
235.0,1350,2021-09-20
234.0,700,2021-09-21
234.0,1500,2021-09-21
205.0,1600,2021-09-22
235.0,1800,2021-09-23
273.0,1500,2021-09-25
320.0,1600,2021-09-27
250.0,1800,2021-09-28
214.0,2200,2021-09-29
189.0,2600,2021-09-30
265.0,2650,2021-10-01
299.0,2800,2021-10-02
300.0,3800,2021-10-04
327.0,2800,2021-10-05
345.0,3200,2021-10-06
245.0,2680,2021-10-07
216.0,2700,2021-10-08
253.0,3400,2021-10-09
252.0,3500,2021-10-12
219.0,3300,2021-10-13
234.0,2700,2021-10-14
161.0,2200,2021-10-15
118.0,2400,2021-10-16
200.0,2400,2021-10-20
175.0,2300,2021-10-22
177.0,2350,2021-10-25
175.0,2250,2021-10-26
158.0,2150,2021-10-27
135.0,2100,2021-10-28
144.0,2000,2021-10-29
175.0,2250,2021-10-30
165.0,1950,2021-11-01
169.0,1600,2021-11-02
63.0,1850,2021-11-03
106.0,2200,2021-11-10
97.0,2150,2021-11-11
112.0,1950,2021-11-12
179.0,1500,2021-11-15
179.0,2800,2021-11-15
139.0,2400,2021-11-16
139.0,1575,2021-11-16
155.0,1500,2021-11-17
155.0,1900,2021-11-17
104.0,1450,2021-11-18
109.0,1700,2021-11-19
109.0,1600,2021-11-19
164.0,1750,2021-11-20
164.0,1850,2021-11-20
120.0,1850,2021-11-22
93.0,1800,2021-11-23
93.0,1900,2021-11-23
206.0,1100,2021-11-24
206.0,1850,2021-11-24
94.0,1600,2021-11-25
91.0,1700,2021-11-26
107.0,1600,2021-11-27
107.0,1600,2021-11-27
137.0,1450,2021-11-29
142.0,1700,2021-11-30
142.0,1650,2021-11-30
115.0,1400,2021-12-01
115.0,1500,2021-12-01
40.0,1000,2021-12-02
40.0,1650,2021-12-02
57.0,1500,2021-12-03
70.0,1800,2021-12-04
70.0,1750,2021-12-04
179.0,1250,2021-12-06
179.0,1650,2021-12-06
174.0,1600,2021-12-07
174.0,1150,2021-12-07
123.0,1200,2021-12-08
123.0,1550,2021-12-08
118.0,1150,2021-12-09
118.0,1700,2021-12-09
73.0,1750,2021-12-10
163.0,1750,2021-12-11
163.0,1500,2021-12-11
158.0,1500,2021-12-13
158.0,1850,2021-12-13
159.0,1300,2021-12-14
159.0,1500,2021-12-14
137.0,1250,2021-12-15
137.0,1650,2021-12-15
154.0,1700,2021-12-16
154.0,1200,2021-12-16
236.0,1650,2021-12-17
236.0,1150,2021-12-17
179.0,1100,2021-12-18
179.0,1550,2021-12-18
171.0,1350,2021-12-20
171.0,1100,2021-12-20
170.0,1250,2021-12-21
170.0,1300,2021-12-21
153.0,1300,2021-12-23
153.0,1400,2021-12-23
175.0,1800,2021-12-24
175.0,1700,2021-12-24
176.0,1900,2021-12-25
176.0,1800,2021-12-25
7.0,1850,2021-12-27
210.0,2500,2021-12-28
210.0,1600,2021-12-28
192.0,1400,2021-12-29
192.0,1800,2021-12-29
197.0,1600,2021-12-30
197.0,1800,2021-12-30
203.0,2000,2021-12-31
203.0,1900,2021-12-31
221.0,1800,2022-01-01
221.0,1900,2022-01-01
207.0,1650,2022-01-03
207.0,1950,2022-01-03
199.0,2250,2022-01-04
284.0,1950,2022-01-05
181.0,1800,2022-01-06
275.0,1750,2022-01-08
320.0,1850,2022-01-10
265.0,1800,2022-01-11
288.0,1700,2022-01-12
244.0,1700,2022-01-14
273.0,1750,2022-01-17
270.0,1650,2022-01-18
230.0,1800,2022-01-19
237.0,1900,2022-01-20
309.0,1950,2022-01-21
291.0,2000,2022-01-22
408.0,1950,2022-01-24
297.0,1850,2022-01-25
329.0,1400,2022-01-27
295.0,1300,2022-01-28
356.0,1800,2022-01-29
366.0,1850,2022-01-31
341.0,1800,2022-02-02
292.0,1750,2022-02-03
325.0,1800,2022-02-04
257.0,1750,2022-02-05
238.0,1950,2022-02-07
243.0,1700,2022-02-08
270.0,2100,2022-02-09
204.0,2500,2022-02-10
236.0,2450,2022-02-11
255.0,2650,2022-02-12
257.0,2800,2022-02-14
301.0,2450,2022-02-15
323.0,2250,2022-02-16
243.0,2150,2022-02-17
355.0,2250,2022-02-18
291.0,2550,2022-02-21
319.0,2250,2022-02-22
241.0,2100,2022-02-23
225.0,1950,2022-02-24
209.0,1800,2022-02-25
259.0,1950,2022-02-26
294.0,1850,2022-02-28
310.0,1750,2022-03-01
238.0,1750,2022-03-02
286.0,1850,2022-03-03
265.0,1450,2022-03-04
367.0,1450,2022-03-05
265.0,1650,2022-03-07
397.0,950,2022-03-08
190.0,1450,2022-03-09
222.0,1350,2022-03-10
173.0,1250,2022-03-11
251.0,1250,2022-03-12
197.0,1200,2022-03-14
267.0,1250,2022-03-15
230.0,1200,2022-03-16
164.0,1050,2022-03-17
104.0,1000,2022-03-18
232.0,1050,2022-03-19
284.0,850,2022-03-21
56.0,850,2022-03-22
249.0,750,2022-03-23
205.0,800,2022-03-24
161.0,850,2022-03-25
166.0,750,2022-03-26
151.0,800,2022-03-27
191.0,850,2022-03-29
157.0,800,2022-03-30
178.0,750,2022-03-31
233.0,750,2022-04-01
241.0,850,2022-04-04
146.0,750,2022-04-05
235.0,750,2022-04-06
223.0,850,2022-04-07
215.0,750,2022-04-08
189.0,700,2022-04-09
215.0,750,2022-04-11
126.0,700,2022-04-12
98.0,750,2022-04-13
75.0,850,2022-04-14
101.0,800,2022-04-15
72.0,800,2022-04-16
227.0,750,2022-04-18
153.0,850,2022-04-19
186.0,900,2022-04-20
193.0,850,2022-04-21
209.0,850,2022-04-22
260.0,750,2022-04-23
244.0,750,2022-04-25
225.0,750,2022-04-26
239.0,700,2022-04-27
208.0,750,2022-04-28
182.0,700,2022-04-29
225.0,750,2022-04-30
186.0,750,2022-05-02
197.0,750,2022-05-04
214.0,700,2022-05-05
217.0,700,2022-05-06
463.0,750,2022-05-09
309.0,700,2022-05-10
348.0,700,2022-05-11
316.0,700,2022-05-16
233.0,700,2022-05-17
253.0,700,2022-05-18
236.0,700,2022-05-19
226.0,650,2022-05-20
230.0,670,2022-05-21
375.0,625,2022-05-23
373.0,700,2022-05-24
291.0,660,2022-05-25
258.0,651,2022-05-26
323.0,720,2022-05-27
293.0,675,2022-05-28
346.0,730,2022-05-31
377.0,751,2022-06-02
446.0,775,2022-06-04
446.0,775,2022-06-07
307.0,1150,2022-06-08
306.0,1200,2022-06-09
489.0,1300,2022-06-13
389.0,1350,2022-06-14
326.0,1200,2022-06-18
412.0,1100,2022-06-20
4.0,1200,2022-06-21
331.0,1100,2022-06-22
263.0,1200,2022-06-23
270.0,1250,2022-06-24
275.0,1200,2022-06-25
426.0,1150,2022-06-27
353.0,1200,2022-06-28
365.0,1150,2022-06-29
419.0,1200,2022-06-30
337.0,1100,2022-07-05
349.0,1150,2022-07-06
342.0,1160,2022-07-07
300.0,1200,2022-07-08
315.0,1170,2022-07-09
242.0,1100,2022-07-11
283.0,1200,2022-07-12
314.0,1250,2022-07-13
346.0,1300,2022-07-14
382.0,1150,2022-07-15
471.0,1200,2022-07-16
599.0,1050,2022-07-18
600.0,1000,2022-07-19
511.0,950,2022-07-20
374.0,900,2022-07-21
316.0,850,2022-07-22
254.0,800,2022-07-23
311.0,850,2022-07-25
246.0,800,2022-07-26
246.0,850,2022-07-27
152.0,900,2022-07-28
189.0,950,2022-07-29
257.0,1000,2022-07-30
281.0,1100,2022-08-02
314.0,1150,2022-08-03
263.0,1150,2022-08-04
238.0,1100,2022-08-05
283.0,1050,2022-08-06
316.0,1050,2022-08-08
208.0,1050,2022-08-09
314.0,1000,2022-08-10
303.0,1000,2022-08-12
151.0,1100,2022-08-16
226.0,1250,2022-08-17
237.0,1275,2022-08-18
324.0,1250,2022-08-19
448.0,1150,2022-08-20
468.0,1150,2022-08-22
348.0,1175,2022-08-23
372.0,1150,2022-08-24
370.0,1100,2022-08-25
204.0,1200,2022-08-27
283.0,950,2022-08-31
406.0,1000,2022-09-03
290.0,950,2022-09-07
282.0,1000,2022-09-08
230.0,1050,2022-09-15
259.0,1050,2022-09-17
210.0,1025,2022-09-22
234.0,1000,2022-09-23
215.0,1200,2022-09-28
245.0,1300,2022-09-29
195.0,1150,2022-09-30
280.0,1350,2022-10-04
258.0,1350,2022-10-05
185.0,1400,2022-10-06
330.0,1550,2022-10-07
484.0,1650,2022-10-10
496.0,1625,2022-10-12
373.0,1600,2022-10-13
406.0,1700,2022-10-14
376.0,1600,2022-10-15
373.0,1550,2022-10-17
302.0,1600,2022-10-18
307.0,1750,2022-10-19
338.0,1650,2022-10-20
234.0,1600,2022-10-21
225.0,1650,2022-10-24
88.0,1600,2022-10-25
130.0,1700,2022-10-26
173.0,2500,2022-11-01
166.0,2550,2022-11-02
200.0,2600,2022-11-03
245.0,2650,2022-11-04
267.0,2500,2022-11-05
292.0,1850,2022-11-07
233.0,1650,2022-11-08
222.0,1800,2022-11-09
196.0,1850,2022-11-10
230.0,1880,2022-11-11
189.0,1700,2022-11-16
175.0,1400,2022-11-17
237.0,1300,2022-11-18
234.0,1200,2022-11-19
119.0,1200,2022-11-23
126.0,1350,2022-11-24
103.0,1550,2022-11-30
103.0,1100,2022-11-30
137.0,1200,2022-12-02
145.0,1650,2022-12-03
145.0,1255,2022-12-03
92.0,1100,2022-12-08
64.0,1150,2022-12-09
104.0,900,2022-12-10
78.0,1200,2022-12-12
78.0,1700,2022-12-12
78.0,1100,2022-12-13
78.0,1700,2022-12-13
82.0,1200,2022-12-14
82.0,1750,2022-12-14
74.0,1100,2022-12-15
74.0,1500,2022-12-15
79.0,1150,2022-12-16
79.0,1600,2022-12-16
69.0,1100,2022-12-17
69.0,1500,2022-12-17
75.0,1725,2022-12-19
75.0,1000,2022-12-19
69.0,1750,2022-12-20
69.0,1250,2022-12-20
33.0,1550,2022-12-21
33.0,1350,2022-12-21
87.0,1800,2022-12-23
87.0,1800,2022-12-23
43.0,1800,2022-12-24
94.0,1850,2022-12-28
94.0,1200,2022-12-28
101.0,1400,2022-12-29
101.0,1800,2022-12-29
50.0,1100,2022-12-31
169.0,1551,2023-01-04
169.0,1300,2023-01-04
157.0,1300,2023-01-07
157.0,1501,2023-01-07
175.0,1300,2023-01-11
175.0,1501,2023-01-11
236.0,1301,2023-01-12
236.0,1200,2023-01-12
146.0,1321,2023-01-17
146.0,900,2023-01-17
257.0,1475,2023-01-21
335.0,1300,2023-01-23
270.0,1350,2023-01-24
270.0,1350,2023-01-25
282.0,1251,2023-01-27
267.0,1201,2023-01-28
307.0,1000,2023-01-30
333.0,1100,2023-01-31
336.0,1000,2023-02-02
221.0,1101,2023-02-03
210.0,1100,2023-02-04
300.0,1000,2023-02-06
300.0,1000,2023-02-07
235.0,1100,2023-02-08
235.0,1100,2023-02-09
277.0,1100,2023-02-10
352.0,800,2023-02-13
318.0,800,2023-02-14
311.0,700,2023-02-15
245.0,600,2023-02-16
248.0,650,2023-02-17
186.0,750,2023-02-20
151.0,750,2023-02-21
257.0,600,2023-02-23
243.0,600,2023-02-24
294.0,575,2023-02-27
292.0,600,2023-02-28
250.0,700,2023-03-01
213.0,700,2023-03-02
178.0,750,2023-03-03
317.0,800,2023-03-04
297.0,700,2023-03-06
117.0,600,2023-03-08
180.0,700,2023-03-09
282.0,850,2023-03-10
291.0,800,2023-03-14
289.0,800,2023-03-15
231.0,700,2023-03-16
195.0,750,2023-03-17
169.0,850,2023-03-18
250.0,1000,2023-03-20
250.0,900,2023-03-20
336.0,750,2023-03-21
336.0,850,2023-03-21
299.0,800,2023-03-23
299.0,750,2023-03-23
304.0,850,2023-03-24
304.0,800,2023-03-24
383.0,950,2023-03-27
383.0,750,2023-03-27
327.0,600,2023-03-28
327.0,800,2023-03-28
395.0,750,2023-03-29
395.0,600,2023-03-29
372.0,750,2023-03-31
372.0,600,2023-03-31
111.0,601,2023-04-01
111.0,700,2023-04-01
177.0,625,2023-04-03
177.0,650,2023-04-03
146.0,900,2023-04-04
146.0,600,2023-04-04
156.0,601,2023-04-05
156.0,850,2023-04-05
159.0,900,2023-04-06
159.0,551,2023-04-06
320.0,850,2023-04-08
344.0,500,2023-04-10
344.0,750,2023-04-10
194.0,750,2023-04-11
194.0,500,2023-04-11
165.0,800,2023-04-12
165.0,550,2023-04-12
227.0,500,2023-04-13
227.0,750,2023-04-13
175.0,400,2023-04-15
175.0,700,2023-04-15
201.0,400,2023-04-17
201.0,750,2023-04-17
183.0,725,2023-04-18
183.0,401,2023-04-18
162.0,760,2023-04-19
162.0,450,2023-04-19
128.0,700,2023-04-20
217.0,750,2023-04-21
217.0,750,2023-04-24
215.0,300,2023-04-25
215.0,600,2023-04-25
156.0,700,2023-04-26
223.0,650,2023-04-27
165.0,600,2023-04-28
350.0,600,2023-05-02
178.0,750,2023-05-03
150.0,600,2023-05-04
166.0,650,2023-05-05
228.0,700,2023-05-06
378.0,755,2023-05-08
219.0,600,2023-05-09
210.0,650,2023-05-10
152.0,600,2023-05-11
173.0,600,2023-05-12
350.0,650,2023-05-15
228.0,650,2023-05-16
285.0,600,2023-05-17
209.0,600,2023-05-18
357.0,600,2023-05-19
214.0,650,2023-05-22
236.0,650,2023-05-23
234.0,700,2023-05-24
267.0,550,2023-05-25
313.0,600,2023-05-26
438.0,600,2023-05-27
410.0,750,2023-05-29
371.0,675,2023-05-30
394.0,550,2023-05-31
375.0,500,2023-06-01
291.0,550,2023-06-02
315.0,525,2023-06-03
471.0,475,2023-06-05
414.0,700,2023-06-06
499.0,750,2023-06-07
394.0,800,2023-06-08
478.0,800,2023-06-09
557.0,775,2023-06-12
581.0,700,2023-06-13
508.0,675,2023-06-14
440.0,700,2023-06-15
420.0,750,2023-06-16
404.0,700,2023-06-17
492.0,750,2023-06-19
451.0,700,2023-06-20
414.0,725,2023-06-21
340.0,750,2023-06-22
373.0,800,2023-06-23
326.0,800,2023-06-24
426.0,750,2023-06-26
361.0,700,2023-06-27
256.0,850,2023-06-28
317.0,1000,2023-06-30
497.0,1250,2023-07-01
875.0,1250,2023-07-03
697.0,1200,2023-07-04
569.0,1200,2023-07-05
671.0,1100,2023-07-06
590.0,1000,2023-07-07
678.0,1150,2023-07-08
504.0,900,2023-07-10
520.0,1000,2023-07-11
446.0,950,2023-07-12
433.0,1000,2023-07-13
375.0,850,2023-07-14
373.0,900,2023-07-15
382.0,900,2023-07-17
442.0,1000,2023-07-18
424.0,1150,2023-07-20
458.0,1100,2023-07-21
461.0,1000,2023-07-22
436.0,900,2023-07-24
373.0,950,2023-07-25
398.0,1050,2023-07-26
319.0,1100,2023-07-27
327.0,1000,2023-07-28
386.0,950,2023-07-29
349.0,1100,2023-07-31
273.0,1150,2023-08-01
362.0,1250,2023-08-02
324.0,1200,2023-08-03
259.0,1350,2023-08-04
351.0,1250,2023-08-05
389.0,1450,2023-08-07
359.0,1550,2023-08-08
384.0,1600,2023-08-09
367.0,1650,2023-08-10
381.0,1800,2023-08-11
376.0,1900,2023-08-12
642.0,2250,2023-08-14
453.0,2000,2023-08-17
498.0,2050,2023-08-18
521.0,1900,2023-08-19
238.0,1700,2023-08-21
132.0,2051,2023-08-23
173.0,2001,2023-08-24
242.0,2000,2023-08-25
262.0,1900,2023-08-26
332.0,1800,2023-08-28
366.0,1850,2023-08-29
344.0,1750,2023-08-31
189.0,2050,2023-09-01
315.0,2050,2023-09-02
264.0,2050,2023-09-04
258.0,1900,2023-09-06
155.0,1700,2023-09-08
252.0,1750,2023-09-09
141.0,2000,2023-09-11
128.0,2100,2023-09-15
267.0,1950,2023-09-18
184.0,1800,2023-09-20
140.0,1900,2023-09-21
143.0,1900,2023-09-22
153.0,2000,2023-09-23
213.0,1900,2023-09-25
188.0,2000,2023-09-26
172.0,2200,2023-09-27
239.0,2250,2023-09-29
226.0,2200,2023-09-30
330.0,2100,2023-10-02
293.0,2000,2023-10-03
252.0,2200,2023-10-04
213.0,2250,2023-10-05
193.0,2300,2023-10-06
266.0,2300,2023-10-07
192.0,2275,2023-10-09
182.0,2350,2023-10-10
156.0,2250,2023-10-11
115.0,2300,2023-10-12
150.0,2500,2023-10-13
145.0,2600,2023-10-14
120.0,2800,2023-10-16
108.0,3100,2023-10-17
97.0,3300,2023-10-18
92.0,3150,2023-10-19
97.0,3250,2023-10-20
179.0,4500,2023-10-30
96.0,4000,2023-10-31
84.0,4000,2023-11-01
78.0,4050,2023-11-02
119.0,3800,2023-11-03
103.0,3700,2023-11-04
107.0,3500,2023-11-06
87.0,3500,2023-11-07
106.0,3600,2023-11-08
81.0,3800,2023-11-09
46.0,3900,2023-11-10
52.0,4000,2023-11-13
9.0,4200,2023-11-18
45.0,3600,2023-11-20
33.0,3400,2023-11-21
80.0,3200,2023-11-22
80.0,3900,2023-11-22
98.0,3800,2023-11-23
98.0,3300,2023-11-23
110.0,3200,2023-11-24
110.0,3850,2023-11-24
100.0,3650,2023-11-25
100.0,3050,2023-11-25
101.0,3800,2023-11-27
101.0,3500,2023-11-27
66.0,3800,2023-11-28
66.0,3850,2023-11-28
44.0,4000,2023-11-29
44.0,3850,2023-11-29
100.0,3900,2023-12-04
100.0,3800,2023-12-04
98.0,3750,2023-12-05
98.0,3950,2023-12-05
160.0,3700,2023-12-06
160.0,3700,2023-12-06
144.0,3750,2023-12-07
144.0,3570,2023-12-07
27.0,3750,2023-12-08
206.0,2600,2023-12-09
206.0,3550,2023-12-09
246.0,3000,2023-12-11
246.0,2500,2023-12-11
211.0,1900,2023-12-12
211.0,3600,2023-12-12
225.0,3200,2023-12-13
225.0,1900,2023-12-13
213.0,2500,2023-12-14
213.0,1800,2023-12-14
242.0,1750,2023-12-15
242.0,1850,2023-12-15
222.0,1800,2023-12-16
222.0,2000,2023-12-16
281.0,1850,2023-12-18
281.0,1900,2023-12-18
201.0,1850,2023-12-19
201.0,1600,2023-12-19
184.0,1800,2023-12-20
211.0,1800,2023-12-21
189.0,1900,2023-12-22
212.0,1800,2023-12-25
154.0,1650,2023-12-26
121.0,1600,2023-12-27
133.0,1600,2023-12-28
167.0,1700,2023-12-29
199.0,1650,2023-12-30
135.0,1800,2024-01-02
173.0,1800,2024-01-03
233.0,1850,2024-01-04
278.0,1800,2024-01-05
305.0,1800,2024-01-06
500.0,1750,2024-01-08
356.0,1700,2024-01-09
351.0,1675,2024-01-10
304.0,1750,2024-01-11
208.0,1725,2024-01-12
330.0,1700,2024-01-13
283.0,1750,2024-01-15
189.0,1701,2024-01-16
282.0,1675,2024-01-17
237.0,1500,2024-01-18
343.0,1500,2024-01-19
424.0,1250,2024-01-20
452.0,1250,2024-01-23
417.0,1175,2024-01-24
412.0,1150,2024-01-25
439.0,1100,2024-01-29
328.0,1200,2024-01-30
266.0,1200,2024-01-31
266.0,1150,2024-02-01
235.0,1200,2024-02-02
263.0,1250,2024-02-05
276.0,1200,2024-02-06
250.0,1150,2024-02-07
272.0,1250,2024-02-08
257.0,1200,2024-02-09
307.0,1150,2024-02-10
281.0,1200,2024-02-12
300.0,1250,2024-02-13
329.0,1150,2024-02-14
257.0,1100,2024-02-15
212.0,1200,2024-02-16
256.0,1150,2024-02-17
159.0,1700,2024-02-20
160.0,1450,2024-02-21
227.0,1400,2024-02-22
198.0,1600,2024-02-23
257.0,1700,2024-02-24
325.0,1750,2024-02-27
298.0,1700,2024-02-28
286.5,1600,2024-02-29
354.5,1500,2024-03-01
271.5,1700,2024-03-04
222.0,1600,2024-03-05
244.5,1810,2024-03-06
202.0,2010,2024-03-07
119.5,1800,2024-03-08
285.5,1700,2024-03-11
357.8,1300,2024-03-19
357.8,1450,2024-03-19
303.0,1250,2024-03-20
230.5,1100,2024-03-21
230.5,1200,2024-03-21
237.2,1250,2024-03-22
237.2,1150,2024-03-22
205.8,1200,2024-03-23
205.8,1100,2024-03-23
136.3,1350,2024-03-25
144.5,1400,2024-03-26
142.5,1450,2024-03-27
182.0,1500,2024-03-28
296.0,1450,2024-03-29
136.0,1400,2024-03-30
318.6,1450,2024-04-01
295.0,1400,2024-04-02
303.5,1375,2024-04-03
323.9,1350,2024-04-04
230.5,1300,2024-04-05
291.0,1350,2024-04-06
494.0,1300,2024-04-08
431.5,1325,2024-04-13
472.0,1225,2024-04-15
329.0,1250,2024-04-19
414.5,1300,2024-04-22
392.1,1250,2024-04-24
354.8,1350,2024-04-25
324.0,1300,2024-04-26
343.7,1275,2024-04-27
299.0,1350,2024-04-29
298.5,1300,2024-04-30
324.8,1300,2024-05-02
275.0,1350,2024-05-03
319.5,1600,2024-05-04
817.0,1500,2024-05-06
801.0,1400,2024-05-07
738.5,1350,2024-05-08
602.4,1400,2024-05-09
880.5,1300,2024-05-11
686.5,1250,2024-05-13
620.6,1150,2024-05-14
550.0,1100,2024-05-15
590.0,1250,2024-05-16
543.0,1200,2024-05-17
741.0,1300,2024-05-18
465.5,1350,2024-05-21
544.5,1350,2024-05-22
497.0,1450,2024-05-23
438.9,1450,2024-05-24
540.5,1550,2024-05-25
449.0,1650,2024-05-27
448.0,1600,2024-05-29
416.0,1750,2024-05-30
382.0,1800,2024-05-31
502.5,1650,2024-06-01
577.7,1700,2024-06-03
200.6,1800,2024-06-04
300.1,1950,2024-06-05
303.8,2000,2024-06-06
256.5,2050,2024-06-07
277.1,2300,2024-06-08
451.5,2600,2024-06-10
426.3,2150,2024-06-11
437.1,2150,2024-06-12
314.0,2250,2024-06-13
238.0,2350,2024-06-14
272.8,2500,2024-06-15
196.5,2500,2024-06-17
269.1,2700,2024-06-19
219.2,2800,2024-06-21
277.4,2600,2024-06-22
251.0,2750,2024-06-24
237.5,2700,2024-06-25
193.5,2600,2024-06-26
196.1,2700,2024-06-27
188.5,2650,2024-06-28
163.0,2600,2024-06-29
248.6,2750,2024-07-01
235.9,2700,2024-07-02
295.2,2650,2024-07-03
222.0,2600,2024-07-04
180.3,2600,2024-07-05
194.2,2500,2024-07-06
204.4,2700,2024-07-08
160.0,2550,2024-07-09
148.5,2600,2024-07-10
149.5,2650,2024-07-11
158.5,2600,2024-07-12
167.0,2650,2024-07-13
257.0,2700,2024-07-15
159.8,2675,2024-07-16
151.1,2600,2024-07-17
164.4,2725,2024-07-18
168.8,2750,2024-07-19
212.1,2700,2024-07-20
245.7,2675,2024-07-22
210.0,2650,2024-07-23
235.1,2300,2024-07-24
201.8,2500,2024-07-25
153.8,2450,2024-07-26
198.4,2400,2024-07-27
176.4,2500,2024-07-29
170.1,2600,2024-07-30
215.5,2600,2024-07-31
190.6,2450,2024-08-01
222.8,2500,2024-08-02
251.4,2450,2024-08-03
165.9,2400,2024-08-05
151.3,2600,2024-08-06
163.5,2650,2024-08-07
145.4,2750,2024-08-08
157.7,2800,2024-08-09
223.6,3350,2024-08-10
274.0,3450,2024-08-12
183.2,3500,2024-08-13
323.3,3150,2024-08-14
269.5,3100,2024-08-17
173.5,2650,2024-08-20
209.6,3400,2024-08-21
197.0,3600,2024-08-22
223.3,3850,2024-08-23
227.8,3600,2024-08-24
220.0,3650,2024-08-26
298.5,3650,2024-08-27
169.5,3600,2024-08-28
161.7,3600,2024-08-29
162.3,3400,2024-08-30
246.6,3400,2024-08-31
180.4,3750,2024-09-02
194.8,4250,2024-09-03
248.4,3750,2024-09-04
252.9,3800,2024-09-05
296.7,3800,2024-09-06
168.7,3700,2024-09-07
244.7,3600,2024-09-09
221.7,3600,2024-09-10
180.5,3750,2024-09-11
158.8,3800,2024-09-12
158.2,4000,2024-09-13
181.1,4500,2024-09-14
181.3,4300,2024-09-16
220.5,4300,2024-09-18
171.3,4350,2024-09-19
152.0,4650,2024-09-20
211.4,4700,2024-09-21
211.4,4300,2024-09-21
225.5,4700,2024-09-23
225.5,3850,2024-09-23
189.7,4000,2024-09-24
189.7,4500,2024-09-24
147.6,4550,2024-09-25
192.5,3850,2024-09-26
192.5,4650,2024-09-26
175.7,4400,2024-09-27
213.6,4000,2024-09-28
213.6,3400,2024-09-28
130.2,3800,2024-09-30
127.1,3900,2024-10-01
91.5,3950,2024-10-02
96.8,4200,2024-10-03
96.8,3150,2024-10-03
70.5,3800,2024-10-04
126.5,4350,2024-10-05
126.5,2500,2024-10-05
102.3,2900,2024-10-07
102.3,4350,2024-10-07
103.0,4000,2024-10-09
74.2,4100,2024-10-10
70.8,3000,2024-10-11
70.8,3850,2024-10-11
166.0,4100,2024-10-12
166.0,3200,2024-10-12
118.3,3200,2024-10-14
118.3,4200,2024-10-14
113.5,4250,2024-10-15
113.5,3300,2024-10-15
95.6,4100,2024-10-16
95.6,3100,2024-10-16
89.9,4250,2024-10-17
89.9,3500,2024-10-17
125.8,3200,2024-10-18
125.8,4150,2024-10-18
150.4,4200,2024-10-19
150.4,3400,2024-10-19
132.2,3200,2024-10-21
132.2,4250,2024-10-21
85.4,3500,2024-10-22
85.4,4450,2024-10-22
98.7,4500,2024-10-23
98.7,3400,2024-10-23
73.6,4475,2024-10-24
73.6,3300,2024-10-24
61.7,4750,2024-10-25
61.7,3700,2024-10-25
114.6,4100,2024-10-26
114.6,4850,2024-10-26
70.4,3750,2024-10-28
70.4,4650,2024-10-28
180.0,3450,2024-10-29
180.0,4500,2024-10-29
101.7,3400,2024-10-30
101.7,4550,2024-10-30
